{
  "packages/types/src/admin.ts": 1767209684.865795,
  "packages/types/src/api.ts": 1766785636.7930982,
  "packages/types/src/memory.ts": 1775907084.5169737,
  "packages/types/src/index.ts": 1767201150.7267942,
  "packages/types/src/user.ts": 1768928729.4057794,
  "apps/website/postcss.config.mjs": 1766835615.3625066,
  "apps/website/next-env.d.ts": 1776006148.5312057,
  "apps/website/eslint.config.mjs": 1766835615.3612137,
  "apps/website/next.config.ts": 1767177520.1277204,
  "apps/website/app/layout.tsx": 1767177517.3251204,
  "apps/website/app/page.tsx": 1776012615.035226,
  "apps/website/app/pricing/page.tsx": 1773336818.4421945,
  "apps/website/components/trust-block.tsx": 1776012589.137173,
  "apps/website/components/use-cases.tsx": 1776012369.721332,
  "apps/website/components/final-cta.tsx": 1773336818.442827,
  "apps/website/components/hero.tsx": 1776020181.670566,
  "apps/website/components/stats-bar.tsx": 1776012262.9714224,
  "apps/website/components/pricing.tsx": 1773336818.4448404,
  "apps/website/components/memory-pipeline.tsx": 1776012306.8269215,
  "apps/website/components/features.tsx": 1776005820.4999945,
  "apps/website/components/footer.tsx": 1775915758.092292,
  "apps/website/components/hero-cards.tsx": 1767459031.456583,
  "apps/website/components/how-it-works.tsx": 1776011890.7609127,
  "apps/website/components/header.tsx": 1775915745.2922919,
  "apps/website/components/index.ts": 1776012638.3064234,
  "apps/website/components/faq.tsx": 1776005873.590603,
  "apps/website/components/launch-video.tsx": 1773336818.4446316,
  "apps/website/lib/use-in-view.ts": 1767459031.4577878,
  "apps/website/lib/use-reduced-motion.ts": 1767459031.45806,
  "apps/website/lib/use-referrer.ts": 1767459031.4674337,
  "apps/website/lib/waitlist.ts": 1767097194.1462588,
  "apps/mcp/src/http.ts": 1775916885.1957173,
  "apps/mcp/src/tools.ts": 1776458194.4507315,
  "apps/mcp/src/index.ts": 1775916884.1523416,
  "apps/mcp/src/env.ts": 1766771478.4141314,
  "apps/mcp/src/lib/api-client.ts": 1775907351.8136375,
  "apps/dashboard/postcss.config.mjs": 1767009238.9300685,
  "apps/dashboard/next-env.d.ts": 1775931088.4289327,
  "apps/dashboard/eslint.config.mjs": 1767009238.929305,
  "apps/dashboard/next.config.ts": 1773336818.4394228,
  "apps/dashboard/src/middleware.ts": 1767202251.605867,
  "apps/dashboard/src/app/layout.tsx": 1767458328.9340975,
  "apps/dashboard/src/app/error.tsx": 1767009238.9337213,
  "apps/dashboard/src/app/page.tsx": 1767009238.9354558,
  "apps/dashboard/src/app/global-error.tsx": 1767009238.9342775,
  "apps/dashboard/src/app/not-found.tsx": 1767009238.9352844,
  "apps/dashboard/src/app/(legend)/layout.tsx": 1767848616.2047303,
  "apps/dashboard/src/app/(legend)/loading.tsx": 1767201337.262618,
  "apps/dashboard/src/app/(legend)/layout-content.tsx": 1767848616.2042556,
  "apps/dashboard/src/app/(legend)/legend/page.tsx": 1767201347.129731,
  "apps/dashboard/src/app/(legend)/legend/users/page.tsx": 1767201730.7866538,
  "apps/dashboard/src/app/(legend)/legend/users/[userId]/page.tsx": 1767209491.3986306,
  "apps/dashboard/src/app/(legend)/legend/stats/page.tsx": 1767201543.3711674,
  "apps/dashboard/src/app/(auth)/layout.tsx": 1767893329.0558362,
  "apps/dashboard/src/app/(auth)/login/page.tsx": 1767893329.0562944,
  "apps/dashboard/src/app/(dashboard)/layout.tsx": 1767848616.2024815,
  "apps/dashboard/src/app/(dashboard)/loading.tsx": 1767173611.34612,
  "apps/dashboard/src/app/(dashboard)/settings/page.tsx": 1773336818.4402735,
  "apps/dashboard/src/app/(dashboard)/api-keys/page.tsx": 1767848616.2015848,
  "apps/dashboard/src/app/(dashboard)/mcp/page.tsx": 1776457737.7396233,
  "apps/dashboard/src/app/(dashboard)/subscription/page.tsx": 1773336818.4406817,
  "apps/dashboard/src/app/(dashboard)/dashboard/page.tsx": 1773336818.4396877,
  "apps/dashboard/src/app/(dashboard)/memories/page.tsx": 1775918872.3307815,
  "apps/dashboard/src/providers/theme-provider.tsx": 1773336818.4417725,
  "apps/dashboard/src/providers/toast-provider.tsx": 1767202208.475527,
  "apps/dashboard/src/providers/sidebar-provider.tsx": 1767848616.2075286,
  "apps/dashboard/src/providers/query-provider.tsx": 1767090603.370711,
  "apps/dashboard/src/providers/skeleton-provider.tsx": 1767173891.742028,
  "apps/dashboard/src/components/auth-header.tsx": 1767893329.057324,
  "apps/dashboard/src/components/sidebar.tsx": 1775915693.9057295,
  "apps/dashboard/src/components/ui/card.tsx": 1767848616.2066226,
  "apps/dashboard/src/components/ui/chart.tsx": 1767848616.2069693,
  "apps/dashboard/src/components/ui/label.tsx": 1767009238.9366322,
  "apps/dashboard/src/components/ui/code-block.tsx": 1767848616.2073133,
  "apps/dashboard/src/components/ui/button.tsx": 1767893329.0578847,
  "apps/dashboard/src/components/ui/input.tsx": 1767170486.0099013,
  "apps/dashboard/src/lib/utils.ts": 1767089654.080624,
  "apps/dashboard/src/lib/api.ts": 1767091649.8860724,
  "apps/dashboard/src/lib/dal.ts": 1767204372.4278467,
  "apps/dashboard/src/lib/auth-client.ts": 1768912625.6350179,
  "apps/dashboard/src/lib/queries/memories.ts": 1775915783.292336,
  "apps/dashboard/src/lib/queries/api-keys.ts": 1767009238.9373918,
  "apps/dashboard/src/lib/queries/admin.ts": 1767209695.4336562,
  "apps/api/drizzle.config.ts": 1767009238.9227583,
  "apps/api/src/index.ts": 1768916580.8190782,
  "apps/api/src/env.ts": 1768913592.463324,
  "apps/api/src/middleware/session-auth.ts": 1767009238.9262295,
  "apps/api/src/middleware/either-auth.ts": 1767009238.9260244,
  "apps/api/src/middleware/admin-auth.ts": 1767200978.6097522,
  "apps/api/src/middleware/rate-limit.ts": 1775935237.1139905,
  "apps/api/src/middleware/auth.ts": 1767009238.925791,
  "apps/api/src/middleware/request-logger.ts": 1766788972.6479974,
  "apps/api/src/utils/eval.ts": 1775907931.452102,
  "apps/api/src/utils/app-error.ts": 1766788956.2281134,
  "apps/api/src/utils/timing.ts": 1766788947.288211,
  "apps/api/src/utils/hash.ts": 1766767966.021892,
  "apps/api/src/utils/normalize.ts": 1776457820.9767969,
  "apps/api/src/utils/index.ts": 1766789273.255731,
  "apps/api/src/utils/error.ts": 1766789282.88482,
  "apps/api/src/utils/id.ts": 1766767969.3830183,
  "apps/api/src/lib/redis.ts": 1766789063.8853152,
  "apps/api/src/lib/logger.ts": 1766790621.2386248,
  "apps/api/src/lib/openrouter.ts": 1775940637.485434,
  "apps/api/src/lib/betterstack.ts": 1767210984.2571754,
  "apps/api/src/lib/auth.ts": 1768926924.1665435,
  "apps/api/src/db/schema.ts": 1775907883.200322,
  "apps/api/src/db/auth-schema.ts": 1767200812.992098,
  "apps/api/src/db/index.ts": 1766789052.667465,
  "apps/api/src/routes/memories.ts": 1775910342.5082798,
  "apps/api/src/routes/api-keys.ts": 1767261897.5229888,
  "apps/api/src/routes/admin.ts": 1767207820.513033,
  "apps/api/src/routes/subscription.ts": 1768928714.9151664,
  "apps/api/src/routes/user.ts": 1767202454.3084195,
  "apps/api/src/routes/waitlist.ts": 1767098928.130608,
  "apps/api/src/services/usage-stats.ts": 1767212921.0697253,
  "apps/api/src/services/dodo-webhooks.ts": 1772051222.9983869,
  "apps/api/src/services/admin.ts": 1767261805.1599991,
  "apps/api/src/services/cache.ts": 1775915185.6892679,
  "apps/api/src/services/memory.ts": 1775936099.0620153,
  "apps/api/src/services/embedding.ts": 1775928816.6319685,
  "apps/api/src/services/subscription.ts": 1772051233.3938866,
  "apps/api/src/services/relation.ts": 1766866307.8902588,
  "CONTEXT.md": 1775940637.4847958,
  "README.md": 1775935367.0501943,
  "PLAN.md": 1766772273.167944,
  "AGENTS.md": 1776541122.9810772,
  "internal-docs/enhancement.md": 1775935367.6014326,
  "internal-docs/README.md": 1775908466.9784553,
  "internal-docs/PAYMENT_ARCHITECTURE_DIAGRAM.md": 1775908467.3940372,
  "internal-docs/OPTIMIZATION.md": 1775908467.2987435,
  "internal-docs/PAYMENT_INTEGRATION_ANALYSIS.md": 1775908467.6166804,
  "internal-docs/search-optimization.md": 1775908467.7089832,
  "docs/index.mdx": 1775916370.2224858,